{
  "XVG": {
    "free": 1500,
    "total": 1500
  },
  "XLM": {
    "free": 21573,
    "total": 21573
  },
  "GVT": {
    "free": 25.06784267,
    "total": 25.06784267
  },
  "BTC": {
    "free": 1.65789234,
    "total": 1.65789234
  },
  "USDT": {
    "free": 9013,
    "total": 9013
  },
  "ETH": {
    "free": 3.2467,
    "total": 3.2467
  }
}
